Sentence,Typicality,Rating,Item
The actor won the battle.,AT,2.6,1
The actor won the award.,T,5.8,1
The anchorman told the parable.,AT,3,2
The anchorman told the news.,T,6.75,2
The animal found the map.,AT,2,3
The animal found the food.,T,5.85,3
The ant stacked the suitcase.,AT,1.95,4
The ant stacked the supply.,T,4.4,4
The archeologist examined the dog.,AT,1.6,5
The archeologist examined the epigraph.,T,5.5,5
The archer released the interview.,AT,2.5,6
The archer released the arrow.,T,6.6,6
The artist assembled the tent.,AT,2,7
The artist assembled the art.,T,6.35,7
The artist hung the motorcycle.,AT,1.95,8
The artist hung the picture.,T,5.5,8
The assistant helped the soldier.,AT,2.8,9
The assistant helped the cook.,T,5.25,9
The astronaut reached the baker.,AT,2.35,10
The astronaut reached the moon.,T,5.4,10
The astronaut touched the guitar.,AT,2,11
The astronaut touched the ground.,T,4.8,11
The athlete celebrated the marriage.,AT,3.1,12
The athlete celebrated the victory.,T,6.65,12
The athlete started the vacuum.,AT,3.45,13
The athlete started the match.,T,4.15,13
The athlete won the toy.,AT,3.15,14
The athlete won the cup.,T,5.15,14
The author signed the check.,AT,3.4,15
The author signed the book.,T,6.15,15
The baker gathered the soldier.,AT,1,16
The baker gathered the bread.,T,6.3,16
The baker sold the stroller.,AT,2.05,17
The baker sold the bread.,T,6.45,17
The bank assigned the book.,AT,2.1,18
The bank assigned the code.,T,6.15,18
The barber cut the cake.,AT,2.1,19
The barber cut the hair.,T,6.65,19
The barber used the microscope.,AT,1.2,20
The barber used the razor.,T,6.55,20
The bartender handed the lancet.,AT,1.4,21
The bartender handed the drink.,T,6.55,21
The bartender shook the flag.,AT,2.05,22
The bartender shook the drink.,T,6.25,22
The beautician spread the paint.,AT,2.9,23
The beautician spread the cream.,T,5.2,23
The biker started the lesson.,AT,3.4,24
The biker started the motorcycle.,T,6.15,24
The biker wore the swimsuit.,AT,2.1,25
The biker wore the helmet.,T,6.8,25
The billionaire donated the book.,AT,4.15,26
The billionaire donated the money.,T,6.2,26
The binman collected the flower.,AT,3.05,27
The binman collected the trash.,T,5.35,27
The biologist used the razor.,AT,3.3,28
The biologist used the microscope.,T,6.7,28
The blacksmith poured the wine.,AT,1.6,29
The blacksmith poured the metal.,T,6.5,29
The bodybuilder lifted the flag.,AT,3.1,30
The bodybuilder lifted the weight.,T,6.45,30
The boss assigned the medal.,AT,3,31
The boss assigned the job.,T,6.75,31
The boss promised the heaven.,AT,2.25,32
The boss promised the promotion.,T,5.95,32
The botanist examined the tire.,AT,3,33
The botanist examined the plant.,T,6.55,33
The boxer delivered the drink.,AT,2.2,34
The boxer delivered the punch.,T,6.15,34
The breeder sold the cigarette.,AT,1.9,35
The breeder sold the dog.,T,6.25,35
The burglar climbed the rock.,AT,2.75,36
The burglar climbed the wall.,T,6.05,36
The businessman read the fable.,AT,2.35,37
The businessman read the report.,T,6.45,37
The businessman tied the prisoner.,AT,1.45,38
The businessman tied the necktie.,T,6.5,38
The businessman wore the uniform.,AT,4.15,39
The businessman wore the tie.,T,6.55,39
The butcher carved the stone.,AT,2.3,40
The butcher carved the meat.,T,5.75,40
The butcher cut the tree.,AT,1.8,41
The butcher cut the meat.,T,6.75,41
The butcher sold the weapon.,AT,1.6,42
The butcher sold the meat.,T,6.95,42
The butcher used the camera.,AT,2.05,43
The butcher used the knife.,T,6.35,43
The cameraman recorded the sale.,AT,2.45,44
The cameraman recorded the video.,T,6.85,44
The candidate celebrated the holiday.,AT,5,45
The candidate celebrated the victory.,T,5.9,45
The carpenter fixed the shoe.,AT,1.2,46
The carpenter fixed the chair.,T,5.55,46
The carpenter flipped the hair.,AT,3.1,47
The carpenter flipped the board.,T,6.35,47
The carpenter grabbed the ball.,AT,1.25,48
The carpenter grabbed the board.,T,5.85,48
The carver built the house.,AT,2.9,49
The carver built the sculpture.,T,6.05,49
The cat chased the kite.,AT,3.9,50
The cat chased the bird.,T,5.85,50
The cat drank the coffee.,AT,1.45,51
The cat drank the milk.,T,5.6,51
The champion held the guitar.,AT,2.95,52
The champion held the cup.,T,6.4,52
The chauffeur carried the rifle.,AT,2.1,53
The chauffeur carried the passenger.,T,6.65,53
The cheerleader carried the rifle.,AT,2.2,54
The cheerleader carried the flag.,T,5.2,54
The cheerleader performed the spell.,AT,1.65,55
The cheerleader performed the dance.,T,5.75,55
The cheerleader shook the drink.,AT,2.75,56
The cheerleader shook the flag.,T,5.15,56
The chemist mixed the music.,AT,1.35,57
The chemist mixed the substance.,T,6.85,57
The chemist poured the juice.,AT,2.75,58
The chemist poured the compound.,T,6.25,58
The chemist sold the dog.,AT,1.9,59
The chemist sold the drug.,T,4.45,59
The child ate the bone.,AT,2.85,60
The child ate the candy.,T,6.35,60
The child built the sculpture.,AT,3.95,61
The child built the snowman.,T,6.15,61
The child celebrated the victory.,AT,5.05,62
The child celebrated the birthday.,T,6.45,62
The child chased the thief.,AT,2.05,63
The child chased the toy.,T,6.1,63
The child climbed the mountain.,AT,3.2,64
The child climbed the tree.,T,5.2,64
The child crossed the river.,AT,3.5,65
The child crossed the park.,T,5.55,65
The child cut the tree.,AT,1.75,66
The child cut the paper.,T,5.35,66
The child drank the beer.,AT,2,67
The child drank the coke.,T,4.65,67
The child drew the horse.,AT,5.65,68
The child drew the flower.,T,4.95,68
The child enjoyed the lecture.,AT,2.85,69
The child enjoyed the ride.,T,6.7,69
The child found the corpse.,AT,1.45,70
The child found the doll.,T,5.65,70
The child grabbed the tyre.,AT,2.3,71
The child grabbed the frisbee.,T,4.95,71
The child lent the car.,AT,1.45,72
The child lent the pen.,T,4.45,72
The child opened the congress.,AT,1.5,73
The child opened the present.,T,6.7,73
The child picked the investment.,AT,1.65,74
The child picked the flower.,T,5.4,74
The child rode the bull.,AT,2,75
The child rode the bus.,T,5.3,75
The child threw the bottle.,AT,4.2,76
The child threw the ball.,T,6.35,76
The child threw the spear.,AT,1.6,77
The child threw the snowball.,T,5.95,77
The child told the verdict.,AT,2.05,78
The child told the lie.,T,5.95,78
The child visited the president.,AT,3.05,79
The child visited the grandmother.,T,5.95,79
The child visited the prisoner.,AT,2,80
The child visited the zoo.,T,6.3,80
The child wrote the diagnosis.,AT,1.05,81
The child wrote the conjugation.,T,3.95,81
The climber climbed the staircase.,AT,5.6,82
The climber climbed the rock.,T,6.8,82
The climber faced the ocean.,AT,2.35,83
The climber faced the wall.,T,5.5,83
The climber used the blackboard.,AT,1.8,84
The climber used the rope.,T,6.85,84
The coach checked the car.,AT,2.45,85
The coach checked the team.,T,6.95,85
The cobbler fixed the phone.,AT,1.55,86
The cobbler fixed the shoe.,T,6.25,86
The cobbler sewed the parachute.,AT,1.6,87
The cobbler sewed the shoe.,T,6.6,87
The collector donated the blood.,AT,3.4,88
The collector donated the painting.,T,3.7,88
The comedian entertained the soldier.,AT,4.3,89
The comedian entertained the audience.,T,6.35,89
The confectioner decorated the tree.,AT,2.9,90
The confectioner decorated the cake.,T,6.05,90
The confectioner spread the cement.,AT,1.2,91
The confectioner spread the icing.,T,6.35,91
The cook bought the ticket.,AT,3,92
The cook bought the food.,T,5.1,92
The cook checked the tire.,AT,1.9,93
The cook checked the groceries.,T,6.2,93
The cook cleaned the window.,AT,2.3,94
The cook cleaned the fish.,T,6.1,94
The cook cut the grass.,AT,3.35,95
The cook cut the fish.,T,5.75,95
The cook flipped the hair.,AT,2.5,96
The cook flipped the pancake.,T,6.3,96
The cook mixed the paint.,AT,1.9,97
The cook mixed the ingredient.,T,6.15,97
The cowboy enjoyed the snack.,AT,4.8,98
The cowboy enjoyed the ride.,T,5.6,98
The cowboy rode the bike.,AT,3.25,99
The cowboy rode the bull.,T,5.7,99
The crew loaded the stroller.,AT,3.4,100
The crew loaded the container.,T,5.2,100
The customer read the music.,AT,2.6,101
The customer read the menu.,T,5.45,101
The cyclist completed the project.,AT,2.7,102
The cyclist completed the race.,T,6.25,102
The cyclist fixed the hair.,AT,2.5,103
The cyclist fixed the bike.,T,6.1,103
The cyclist rode the skates.,AT,2.1,104
The cyclist rode the bike.,T,6.5,104
The dealer checked the net.,AT,2.95,105
The dealer checked the car.,T,5.9,105
The dealer examined the plant.,AT,2.35,106
The dealer examined the car.,T,6.4,106
The dealer sold the meat.,AT,3.9,107
The dealer sold the car.,T,6.7,107
The deejay mixed the ingredient.,AT,2.1,108
The deejay mixed the music.,T,6.65,108
The demonstrator carried the ball.,AT,3.45,109
The demonstrator carried the flag.,T,5.85,109
The demonstrator signed the shirt.,AT,2.1,110
The demonstrator signed the petition.,T,5.25,110
The demonstrator threw the frisbee.,AT,2.05,111
The demonstrator threw the stone.,T,3.5,111
The diplomat carried the dog.,AT,3,112
The diplomat carried the message.,T,5.65,112
The doctor helped the cook.,AT,2.05,113
The doctor helped the woman.,T,6.1,113
The doctor offered the breakfast.,AT,2.15,114
The doctor offered the support.,T,6,114
The doctor sewed the shoe.,AT,1.6,115
The doctor sewed the wound.,T,5.65,115
The doctor used the shovel.,AT,2.9,116
The doctor used the stethoscope.,T,5.85,116
The doctor visited the museum.,AT,2.95,117
The doctor visited the patient.,T,6.05,117
The doctor wrote the conjugation.,AT,3.05,118
The doctor wrote the diagnosis.,T,6.8,118
The dog ate the plant.,AT,4.3,119
The dog ate the bone.,T,6.25,119
The dog carried the flag.,AT,1.45,120
The dog carried the ball.,T,6,120
The dog caught the wave.,AT,2.35,121
The dog caught the ball.,T,5.65,121
The dog chased the tank.,AT,2.25,122
The dog chased the ball.,T,6.5,122
The dog dug the grave.,AT,2.6,123
The dog dug the hole.,T,6.5,123
The dog fetched the tray.,AT,3.2,124
The dog fetched the ball.,T,5.5,124
The dog pulled the trigger.,AT,2.8,125
The dog pulled the sled.,T,5.05,125
The driver heard the baby.,AT,3.25,126
The driver heard the horn.,T,5.75,126
The electrician checked the rifle.,AT,1.9,127
The electrician checked the device.,T,5.35,127
The employee passed the rifle.,AT,1.8,128
The employee passed the report.,T,5.4,128
The employer offered the candy.,AT,2.85,129
The employer offered the job.,T,6.65,129
The engineer completed the painting.,AT,1.85,130
The engineer completed the project.,T,6.25,130
The engineer drew the flower.,AT,2.1,131
The engineer drew the turbine.,T,5.4,131
The farmer picked the killer.,AT,1.55,132
The farmer picked the vegetable.,T,5.8,132
The farmer plowed the sand.,AT,4.1,133
The farmer plowed the field.,T,6.8,133
The farmer sold the drug.,AT,1.45,134
The farmer sold the corn.,T,6.25,134
The farmer sprayed the cream.,AT,2.15,135
The farmer sprayed the pesticide.,T,6.7,135
The farmer used the computer.,AT,2.55,136
The farmer used the shovel.,T,5.95,136
The fighter kicked the television.,AT,2.6,137
The fighter kicked the opponent.,T,5.55,137
The firefighter fought the crime.,AT,2.05,138
The firefighter fought the fire.,T,7,138
The fisherman caught the ball.,AT,2.2,139
The fisherman caught the fish.,T,6.45,139
The fisherman checked the car.,AT,1.75,140
The fisherman checked the net.,T,6.15,140
The fisherman sold the drug.,AT,1.55,141
The fisherman sold the fish.,T,6.45,141
The florist sold the bike.,AT,1.4,142
The florist sold the flower.,T,6.15,142
The footballer chased the toy.,AT,2.7,143
The footballer chased the ball.,T,5.75,143
The footballer delivered the lecture.,AT,3.2,144
The footballer delivered the kick.,T,5.9,144
The footballer hit the car.,AT,2.3,145
The footballer hit the ball.,T,6.05,145
The footballer kicked the vase.,AT,1.35,146
The footballer kicked the ball.,T,6.6,146
The footballer passed the knife.,AT,1.55,147
The footballer passed the ball.,T,6.75,147
The gardener cut the fish.,AT,1.45,148
The gardener cut the grass.,T,6.5,148
The gardener decorated the book.,AT,2.05,149
The gardener decorated the garden.,T,6.3,149
The gardener gathered the flag.,AT,1.9,150
The gardener gathered the grass.,T,5.65,150
The gardener pushed the demonstrator.,AT,2.6,151
The gardener pushed the mower.,T,5.65,151
The general gathered the bread.,AT,1.85,152
The general gathered the soldier.,T,5.9,152
The general sent the postcard.,AT,3.2,153
The general sent the soldier.,T,6.8,153
The general won the toy.,AT,1.55,154
The general won the battle.,T,6.1,154
The goalkeeper caught the fish.,AT,1.65,155
The goalkeeper caught the ball.,T,6,155
The goalkeeper grabbed the phone.,AT,2.65,156
The goalkeeper grabbed the ball.,T,5.6,156
The goalkeeper held the child.,AT,2.7,157
The goalkeeper held the ball.,T,6.7,157
The goalkeeper threw the bomb.,AT,1.05,158
The goalkeeper threw the ball.,T,6.15,158
The government offered the drink.,AT,1.5,159
The government offered the protection.,T,5.7,159
The grandfather told the strategy.,AT,4.15,160
The grandfather told the story.,T,6.55,160
The guard opened the present.,AT,2.05,161
The guard opened the jail.,T,6.5,161
The guard tied the roast.,AT,2.5,162
The guard tied the prisoner.,T,4.8,162
The guest held the camera.,AT,3.55,163
The guest held the drink.,T,5.3,163
The guest hung the laundry.,AT,3.9,164
The guest hung the coat.,T,5.2,164
The guide described the software.,AT,3.8,165
The guide described the monument.,T,5.9,165
The hairstylist fixed the bike.,AT,1.25,166
The hairstylist fixed the hair.,T,6.85,166
The hairstylist flipped the board.,AT,1.9,167
The hairstylist flipped the hair.,T,6.35,167
The hairstylist sprayed the pesticide.,AT,1.25,168
The hairstylist sprayed the foam.,T,5.95,168
The hairstylist washed the infant.,AT,2.85,169
The hairstylist washed the hair.,T,6.15,169
The hiker faced the camera.,AT,3.95,170
The hiker faced the mountain.,T,6.15,170
The horse drew the trailer.,AT,2.7,171
The horse drew the carriage.,T,4.05,171
The horse moved the suitcase.,AT,1.4,172
The horse moved the cart.,T,4.3,172
The horse pulled the suitcase.,AT,1.55,173
The horse pulled the cart.,T,4.95,173
The hostess explained the poem.,AT,1.75,174
The hostess explained the procedure.,T,4.1,174
The hound fetched the money.,AT,2.85,175
The hound fetched the bird.,T,5.05,175
The housemaid cleaned the fish.,AT,3.9,176
The housemaid cleaned the dish.,T,5.7,176
The housemaid cleaned the street.,AT,2.9,177
The housemaid cleaned the window.,T,6.65,177
The housemaid mopped the barracks.,AT,3.2,178
The housemaid mopped the floor.,T,6.7,178
The housemaid washed the boat.,AT,4,179
The housemaid washed the floor.,T,6.8,179
The housewife cleaned the shoe.,AT,5.45,180
The housewife cleaned the table.,T,6.3,180
The illusionist performed the surgery.,AT,1.5,181
The illusionist performed the trick.,T,5.05,181
The illustrator decorated the garden.,AT,3,182
The illustrator decorated the book.,T,6.3,182
The illustrator drew the carriage.,AT,5.15,183
The illustrator drew the picture.,T,6.3,183
The investor rented the bicycle.,AT,2.35,184
The investor rented the land.,T,4.05,184
The jockey rode the wave.,AT,1.6,185
The jockey rode the horse.,T,6.2,185
The journalist carried the milk.,AT,1.6,186
The journalist carried the article.,T,6.15,186
The journalist wrote the song.,AT,1.9,187
The journalist wrote the article.,T,6.85,187
The killer pulled the cart.,AT,2.5,188
The killer pulled the trigger.,T,6.6,188
The knight held the camera.,AT,2,189
The knight held the sword.,T,6.5,189
The librarian climbed the tree.,AT,1.8,190
The librarian climbed the ladder.,T,5.1,190
The librarian stacked the supply.,AT,3.85,191
The librarian stacked the book.,T,6.5,191
The lumberjack cut the meat.,AT,3.3,192
The lumberjack cut the tree.,T,6.55,192
The lumberjack stacked the book.,AT,2.2,193
The lumberjack stacked the wood.,T,6.75,193
The lumberjack used the lancet.,AT,2.75,194
The lumberjack used the saw.,T,6.15,194
The magician read the newspaper.,AT,4,195
The magician read the hand.,T,4.4,195
The manager rented the kayak.,AT,2.75,196
The manager rented the room.,T,3.65,196
The mason built the snowman.,AT,2.3,197
The mason built the house.,T,6.45,197
The mason fixed the bike.,AT,1.55,198
The mason fixed the roof.,T,4.15,198
The mason fixed the tire.,AT,3.25,199
The mason fixed the wall.,T,6.15,199
The mason mixed the soup.,AT,1.95,200
The mason mixed the cement.,T,6.65,200
The mechanic assembled the art.,AT,1.7,201
The mechanic assembled the bicycle.,T,4.5,201
The mechanic checked the groceries.,AT,2.3,202
The mechanic checked the tire.,T,6.7,202
The mechanic fixed the roof.,AT,2.1,203
The mechanic fixed the tire.,T,6.45,203
The mechanic rented the boat.,AT,2.35,204
The mechanic rented the truck.,T,4.2,204
The mechanic spread the chocolate.,AT,1.65,205
The mechanic spread the coating.,T,3.65,205
The milkman carried the flag.,AT,2.6,206
The milkman carried the bottle.,T,6.7,206
The model faced the mountain.,AT,2.75,207
The model faced the camera.,T,6.9,207
The monkey grabbed the board.,AT,2.15,208
The monkey grabbed the banana.,T,6.15,208
The mother decorated the car.,AT,2.7,209
The mother decorated the house.,T,6.45,209
The mother held the flag.,AT,3.2,210
The mother held the child.,T,6.9,210
The mother hung the rifle.,AT,2.35,211
The mother hung the laundry.,T,5.8,211
The mother prepared the gun.,AT,3.05,212
The mother prepared the food.,T,6.4,212
The mother pushed the trash can.,AT,3.8,213
The mother pushed the stroller.,T,6.1,213
The mover moved the horse.,AT,2.85,214
The mover moved the furniture.,T,4.9,214
The musician entertained the demonstrator.,AT,4.2,215
The musician entertained the crowd.,T,6.4,215
The musician held the stone.,AT,1.6,216
The musician held the guitar.,T,6.55,216
The musician played the soccer.,AT,1.95,217
The musician played the song.,T,6.35,217
The musician read the menu.,AT,2.45,218
The musician read the music.,T,6.35,218
The musician touched the base.,AT,3.95,219
The musician touched the instrument.,T,6.4,219
The nanny heard the speech.,AT,3.2,220
The nanny heard the baby.,T,6.35,220
The nanny watched the landscape.,AT,4.05,221
The nanny watched the child.,T,6.35,221
The nurse handed the hose.,AT,2.35,222
The nurse handed the lancet.,T,5.8,222
The nurse pushed the mower.,AT,1.45,223
The nurse pushed the wheelchair.,T,5.9,223
The nurse washed the car.,AT,2.45,224
The nurse washed the infant.,T,6.45,224
The painter completed the race.,AT,2,225
The painter completed the painting.,T,6.35,225
The painter decorated the cake.,AT,2.6,226
The painter decorated the wall.,T,6.6,226
The painter mixed the drink.,AT,2.8,227
The painter mixed the paint.,T,6.35,227
The painter painted the toenail.,AT,2.45,228
The painter painted the picture.,T,6.7,228
The painter signed the agreement.,AT,3.65,229
The painter signed the paint.,T,5.9,229
The parent gave the gun.,AT,1.85,230
The parent gave the present.,T,5.7,230
The passenger bought the table.,AT,2.25,231
The passenger bought the ticket.,T,6.5,231
The passenger passed the ball.,AT,2.05,232
The passenger passed the check.,T,3.75,232
The passenger pulled the corpse.,AT,1.45,233
The passenger pulled the suitcase.,T,5.6,233
The patient fought the fire.,AT,1.95,234
The patient fought the cancer.,T,5.65,234
The patient reported the crime.,AT,2.25,235
The patient reported the symptom.,T,6.7,235
The philologist examined the camera.,AT,2.3,236
The philologist examined the book.,T,6.2,236
The photographer captured the thief.,AT,1.75,237
The photographer captured the image.,T,6.95,237
The photographer examined the dog.,AT,1.75,238
The photographer examined the camera.,T,6.7,238
The photographer prepared the food.,AT,2.7,239
The photographer prepared the camera.,T,6.4,239
The photographer used the stethoscope.,AT,1.75,240
The photographer used the camera.,T,6.65,240
The pilot began the performance.,AT,2.4,241
The pilot began the race.,T,4.8,241
The pilot started the concert.,AT,1.6,242
The pilot started the race.,T,2.95,242
The pilot won the lottery.,AT,2.8,243
The pilot won the race.,T,4.8,243
The player began the class.,AT,3.3,244
The player began the match.,T,5.7,244
The player enjoyed the beer.,AT,4.5,245
The player enjoyed the game.,T,6.65,245
The player gained the degree.,AT,3.2,246
The player gained the ball.,T,5.45,246
The player gathered the grass.,AT,2.4,247
The player gathered the ball.,T,5.55,247
The player passed the exam.,AT,4.45,248
The player passed the ball.,T,6.4,248
The player reached the moon.,AT,1.6,249
The player reached the goal.,T,6.45,249
The player touched the flower.,AT,1.7,250
The player touched the base.,T,5.5,250
The poet wrote the menu.,AT,1.75,251
The poet wrote the sonet.,T,5.8,251
The policeman captured the image.,AT,2.9,252
The policeman captured the thief.,T,6.8,252
The policeman checked the groceries.,AT,2,253
The policeman checked the bag.,T,5.55,253
The policeman examined the patient.,AT,2,254
The policeman examined the car.,T,5.95,254
The policeman fought the obesity.,AT,2.35,255
The policeman fought the crime.,T,6.4,255
The policeman hit the ball.,AT,2.7,256
The policeman hit the demonstrator.,T,4.75,256
The policeman pushed the stroller.,AT,2.6,257
The policeman pushed the demonstrator.,T,4.6,257
The politician signed the paint.,AT,2.25,258
The politician signed the agreement.,T,6.35,258
The porter carried the flag.,AT,2.65,259
The porter carried the bag.,T,5.1,259
The porter loaded the file.,AT,2.8,260
The porter loaded the luggage.,T,6.5,260
The porter stacked the wood.,AT,4,261
The porter stacked the suitcase.,T,5.5,261
The postman delivered the punch.,AT,2.7,262
The postman delivered the mail.,T,6.55,262
The president delivered the kick.,AT,2.9,263
The president delivered the speech.,T,6.8,263
The president gave the book.,AT,3.75,264
The president gave the speech.,T,6.8,264
The president promised the bicycle.,AT,2.25,265
The president promised the reform.,T,6.2,265
The president visited the grandmother.,AT,4.45,266
The president visited the school.,T,4.25,266
The priest celebrated the graduation.,AT,3.85,267
The priest celebrated the marriage.,T,6.5,267
The priest promised the promotion.,AT,2.2,268
The priest promised the salvation.,T,6.05,268
The priest taught the chemistry.,AT,1.85,269
The priest taught the bible.,T,6.8,269
The producer released the prisoner.,AT,1.6,270
The producer released the film.,T,6.3,270
The professor delivered the kick.,AT,1.65,271
The professor delivered the lecture.,T,6.6,271
The professor donated the organ.,AT,2.35,272
The professor donated the book.,T,4.8,272
The professor opened the jail.,AT,1.2,273
The professor opened the congress.,T,3,273
The professor taught the karate.,AT,3.25,274
The professor taught the language.,T,6,274
The professor wore the goggles.,AT,4.7,275
The professor wore the tie.,T,5.95,275
The professor wrote the magazine.,AT,3.6,276
The professor wrote the book.,T,5.5,276
The programmer described the monument.,AT,2.95,277
The programmer described the software.,T,5.55,277
The programmer loaded the ammunition.,AT,1.75,278
The programmer loaded the file.,T,6.65,278
The programmer used the shovel.,AT,3.15,279
The programmer used the computer.,T,7,279
The pupil drew the turbine.,AT,2.95,280
The pupil drew the flower.,T,4.85,280
The pusher sold the chocolate.,AT,3,281
The pusher sold the drug.,T,5.85,281
The pyromaniac started the computer.,AT,1.8,282
The pyromaniac started the fire.,T,6.2,282
The receiver caught the wave.,AT,2.05,283
The receiver caught the baseball.,T,4.75,283
The referee moved the furniture.,AT,1.7,284
The referee moved the ball.,T,5.05,284
The refugee found the doll.,AT,3.15,285
The refugee found the shelter.,T,6,285
The reporter brought the cake.,AT,1.85,286
The reporter brought the news.,T,6.8,286
The reporter held the knife.,AT,1.85,287
The reporter held the camera.,T,4.5,287
The roofer climbed the rock.,AT,2.15,288
The roofer climbed the ladder.,T,6.6,288
The sailor faced the wall.,AT,2.1,289
The sailor faced the ocean.,T,6.75,289
The sailor mopped the classroom.,AT,3.2,290
The sailor mopped the deck.,T,4.6,290
The sailor tied the necktie.,AT,3.5,291
The sailor tied the rope.,T,6.25,291
The salesperson sent the gun.,AT,2.3,292
The salesperson sent the questionnaire.,T,3.45,292
The scientist reported the marriage.,AT,1.65,293
The scientist reported the finding.,T,6.4,293
The scoutmaster assembled the sailboat.,AT,4.25,294
The scoutmaster assembled the tent.,T,4.7,294
The sculptor carved the meat.,AT,2.45,295
The sculptor carved the stone.,T,5.55,295
The sculptor taught the skydiving.,AT,1.15,296
The sculptor taught the art.,T,5.85,296
The secretary wrote the sonet.,AT,3.55,297
The secretary wrote the note.,T,6.45,297
The sergeant assigned the homework.,AT,2.3,298
The sergeant assigned the mission.,T,6.6,298
The singer began the race.,AT,3.4,299
The singer began the performance.,T,6.5,299
The singer held the sword.,AT,1.5,300
The singer held the microphone.,T,6.55,300
The singer performed the trick.,AT,2,301
The singer performed the music.,T,6.7,301
The singer recorded the recipe.,AT,1.65,302
The singer recorded the song.,T,6.8,302
The singer started the videogame.,AT,3.2,303
The singer started the concert.,T,5.4,303
The skater rode the bus.,AT,3.9,304
The skater rode the skates.,T,6.25,304
The skier gained the ball.,AT,2.05,305
The skier gained the speed.,T,6.75,305
The skipper assembled the bicycle.,AT,2.15,306
The skipper assembled the sailboat.,T,3.8,306
The smuggler sold the flower.,AT,2.4,307
The smuggler sold the weapon.,T,6.5,307
The snowboarder flipped the bike.,AT,3.45,308
The snowboarder flipped the board.,T,6.6,308
The soldier carried the ball.,AT,1.7,309
The soldier carried the rifle.,T,7,309
The soldier celebrated the graduation.,AT,3.9,310
The soldier celebrated the victory.,T,5.2,310
The soldier checked the burner.,AT,2.2,311
The soldier checked the rifle.,T,6.85,311
The soldier crossed the stage.,AT,2.45,312
The soldier crossed the river.,T,4.5,312
The soldier dug the pool.,AT,2.5,313
The soldier dug the trench.,T,5.15,313
The soldier fought the cancer.,AT,3.1,314
The soldier fought the enemy.,T,5.95,314
The soldier gathered the ball.,AT,1.75,315
The soldier gathered the ammunition.,T,6.25,315
The soldier gathered the grass.,AT,2.75,316
The soldier gathered the flag.,T,4.7,316
The soldier heard the poem.,AT,3.1,317
The soldier heard the command.,T,6.1,317
The soldier held the comb.,AT,3.65,318
The soldier held the flag.,T,5.2,318
The soldier hung the picture.,AT,3.2,319
The soldier hung the rifle.,T,5.8,319
The soldier reached the supermarket.,AT,3,320
The soldier reached the trench.,T,6.25,320
The soldier released the film.,AT,1.9,321
The soldier released the prisoner.,T,4.3,321
The soldier threw the ball.,AT,2.3,322
The soldier threw the bomb.,T,5.55,322
The soldier used the brush.,AT,3.8,323
The soldier used the knife.,T,5.05,323
The soldier wore the jeans.,AT,3.85,324
The soldier wore the helmet.,T,6.5,324
The soldier wore the pajamas.,AT,3.5,325
The soldier wore the uniform.,T,6.9,325
The speaker entertained the dog.,AT,3.15,326
The speaker entertained the audience.,T,5.9,326
The spectator bought the car.,AT,2.8,327
The spectator bought the ticket.,T,6.45,327
The spectator enjoyed the breakfast.,AT,4.25,328
The spectator enjoyed the game.,T,6.05,328
The spectator heard the horn.,AT,4.75,329
The spectator heard the speech.,T,4.4,329
The spectator watched the bird.,AT,5.25,330
The spectator watched the game.,T,6.6,330
The speleologist examined the book.,AT,3.65,331
The speleologist examined the cave.,T,6,331
The spy passed the frisbee.,AT,1.55,332
The spy passed the information.,T,6.35,332
The student began the match.,AT,3.5,333
The student began the trip.,T,3.5,333
The student celebrated the marriage.,AT,3.45,334
The student celebrated the graduation.,T,6.7,334
The student completed the marathon.,AT,3.65,335
The student completed the project.,T,5.9,335
The student drank the gasoline.,AT,1.6,336
The student drank the beer.,T,4.6,336
The student drank the milk.,AT,4.9,337
The student drank the coffee.,T,4.95,337
The student enjoyed the marriage.,AT,3.6,338
The student enjoyed the beer.,T,4.7,338
The student heard the command.,AT,4.45,339
The student heard the lecture.,T,6.75,339
The student passed the river.,AT,2.95,340
The student passed the exam.,T,6.35,340
The student read the hand.,AT,2.4,341
The student read the book.,T,6.6,341
The student sent the bomb.,AT,1.2,342
The student sent the email.,T,6.1,342
The student threw the garbage.,AT,3.25,343
The student threw the frisbee.,T,4.7,343
The student used the saw.,AT,2.9,344
The student used the computer.,T,6.35,344
The student wore the armor.,AT,3.05,345
The student wore the glasses.,T,5.775,345
The surfer caught the baseball.,AT,1.75,346
The surfer caught the wave.,T,7,346
The surfer flipped the pancake.,AT,2.55,347
The surfer flipped the board.,T,5,347
The surfer grabbed the frisbee.,AT,3.45,348
The surfer grabbed the board.,T,5.3,348
The surfer rode the camel.,AT,1.45,349
The surfer rode the wave.,T,6.2,349
The surfer wore the tie.,AT,2,350
The surfer wore the sunglasses.,T,5.95,350
The surfer wore the tuxedo.,AT,2.1,351
The surfer wore the swimsuit.,T,6.25,351
The surgeon examined the car.,AT,1.2,352
The surgeon examined the patient.,T,6.05,352
The surgeon performed the dance.,AT,2.4,353
The surgeon performed the surgery.,T,6.85,353
The surgeon used the rifle.,AT,1.9,354
The surgeon used the lancet.,T,4.95,354
The sweeper cleaned the window.,AT,3.9,355
The sweeper cleaned the street.,T,6.5,355
The swimmer wore the cloak.,AT,3.1,356
The swimmer wore the goggles.,T,6.2,356
The tailor sewed the wound.,AT,1.6,357
The tailor sewed the dress.,T,6.55,357
The teacher explained the tactic.,AT,4.55,358
The teacher explained the exercise.,T,6.9,358
The teacher gave the drug.,AT,1.4,359
The teacher gave the homework.,T,6.85,359
The teacher helped the patient.,AT,1.95,360
The teacher helped the child.,T,6.1,360
The teacher lent the gun.,AT,1.85,361
The teacher lent the book.,T,6.15,361
The teacher used the knife.,AT,2.85,362
The teacher used the blackboard.,T,5.95,362
The teenager heard the lecture.,AT,4.65,363
The teenager heard the music.,T,6.4,363
The terrorist released the book.,AT,1.8,364
The terrorist released the hostage.,T,3.45,364
The thief grabbed the banana.,AT,3.7,365
The thief grabbed the money.,T,5,365
The tourist read the bible.,AT,3,366
The tourist read the map.,T,6.4,366
The tourist rode the skates.,AT,3.7,367
The tourist rode the camel.,T,4.55,367
The tourist visited the patient.,AT,3,368
The tourist visited the museum.,T,5.95,368
The traveller checked the groceries.,AT,4.2,369
The traveller checked the bag.,T,6,369
The traveller checked the team.,AT,3,370
The traveller checked the watch.,T,4.4,370
The traveller handed the screwdriver.,AT,2.1,371
The traveller handed the bag.,T,5.8,371
The truck hit the bag.,AT,3.1,372
The truck hit the car.,T,4,372
The truck plowed the garden.,AT,2.3,373
The truck plowed the snow.,T,4.65,373
The undertaker dug the trench.,AT,3.2,374
The undertaker dug the grave.,T,4.15,374
The usurer lent the toy.,AT,1.9,375
The usurer lent the money.,T,5.2,375
The vandal sprayed the perfume.,AT,1.85,376
The vandal sprayed the paint.,T,6.2,376
The veterinarian examined the plant.,AT,2.2,377
The veterinarian examined the dog.,T,6.85,377
The violinist played the trumpet.,AT,3,378
The violinist played the violin.,T,6.9,378
The violinist wore the helmet.,AT,3.05,379
The violinist wore the tuxedo.,T,5.9,379
The volunteer brought the hatchet.,AT,1.75,380
The volunteer brought the food.,T,6.1,380
The waiter brought the guitar.,AT,1.55,381
The waiter brought the glass.,T,6.8,381
The waiter carried the rifle.,AT,1.55,382
The waiter carried the tray.,T,6.35,382
The waiter cleared the road.,AT,2.9,383
The waiter cleared the bar.,T,6.05,383
The waiter cleared the tube.,AT,2.6,384
The waiter cleared the table.,T,6.25,384
The waiter cut the hair.,AT,1.45,385
The waiter cut the cake.,T,4.85,385
The waiter delivered the speech.,AT,1.6,386
The waiter delivered the drink.,T,6.35,386
The waiter fetched the ball.,AT,1.85,387
The waiter fetched the water.,T,6.2,387
The waiter held the flag.,AT,3.5,388
The waiter held the bottle.,T,6.15,388
The waiter mixed the cement.,AT,1.5,389
The waiter mixed the drink.,T,5.4,389
The waiter opened the sarcophagus.,AT,1.35,390
The waiter opened the bottle.,T,6.25,390
The waiter poured the gasoline.,AT,1.4,391
The waiter poured the wine.,T,6.6,391
The waiter prepared the bomb.,AT,1.1,392
The waiter prepared the drink.,T,6.4,392
The witness explained the equation.,AT,1.8,393
The witness explained the circumstances.,T,5.6,393
The witness reported the birth.,AT,2.4,394
The witness reported the crime.,T,6.4,394
The woman carried the stone.,AT,3.1,395
The woman carried the bag.,T,6.25,395
The woman opened the manhole.,AT,2.4,396
The woman opened the bag.,T,6.45,396
The woman painted the sign.,AT,3.55,397
The woman painted the toenail.,T,6.1,397